"categoryname","total_items","total_revenue","total_cost","total_profit","avg_margin"
"Computers","46501","89770325.21","39552995.90","50217355.58","0.51764509386017864194"
"Cell phones","41712","32044931.79","14788875.65","17256055.35","0.51688828884061530247"
"Home Appliances","16953","26218628.37","11637905.30","14580733.40","0.50677762508567719796"
"TV and Video","13672","20083469.11","8647918.80","11435555.31","0.51464761535658922122"
"Cameras and camcorders ","13472","18322910.17","7688836.23","10634077.67","0.53839913243315721829"
"Music, Movies and Audio Books","32017","10390932.01","4301949.52","6088988.39","0.54392267616835537190"
"Audio","15283","5243696.15","2360172.10","2883530.77","0.52291789027944439042"
"Games and Toys","20263","1648974.26","787656.47","861328.69","0.49540839913737206872"
