"categoryname","total_items","total_revenue","avg_revenue_per_item"
"Computers","46501","89770325.21","1930.5031119760865358"
"Cell phones","41712","32044931.79","768.2425151035673188"
"Home Appliances","16953","26218628.37","1546.5480074323128650"
"TV and Video","13672","20083469.11","1468.9488816559391457"
"Cameras and camcorders ","13472","18322910.17","1360.0734983669833729"
"Music, Movies and Audio Books","32017","10390932.01","324.5442112002998407"
"Audio","15283","5243696.15","343.1064679709481123"
"Games and Toys","20263","1648974.26","81.3785846123476287"
