"subcategoryname","total_items","total_revenue","total_cost","total_profit","avg_margin"
"Desktops","17739","40110796.61","18422313.70","21688493.17","0.50500475075182165337"
"Projectors & Screens","5864","19649800.62","7925998.53","11723805.69","0.54718632170226176143"
"Laptops","5729","16502542.11","7573531.68","8929011.18","0.51136978573686640045"
"Monitors","5780","8507643.38","3386453.72","5121194.29","0.53932345456499759024"
"Printers, Scanners & Fax","5643","3809527.96","1693410.04","2116121.04","0.53513539079768163229"
"Computers Accessories","5746","1190014.53","551288.23","638730.21","0.49379369394361792901"
