"subcategoryname","total_items","total_revenue","avg_revenue_per_item"
"Desktops","17739","40110796.61","2261.1644743221151136"
"Projectors & Screens","5864","19649800.62","3350.9209788540245566"
"Laptops","5729","16502542.11","2880.5275109094082737"
"Monitors","5780","8507643.38","1471.9106193771626298"
"Printers, Scanners & Fax","5643","3809527.96","675.0891298954456849"
"Computers Accessories","5746","1190014.53","207.1031204316045945"
